{
  "project_info": {
    "project_number": "839685715900",
    "project_id": "login-auth-3b885",
    "storage_bucket": "login-auth-3b885.appspot.com"
  },
  "client": [
    {
      "client_info": {
        "mobilesdk_app_id": "1:839685715900:android:a400edf9478481231dddb9",
        "android_client_info": {
          "package_name": "com.example.career"
        }
      },
      "oauth_client": [],
      "api_key": [
        {
          "current_key": "AIzaSyDHvm8SlXqzDKCVhJ8d6m7xjsPiASCTuKg"
        }
      ],
      "services": {
        "appinvite_service": {
          "other_platform_oauth_client": []
        }
      }
    }
  ],
  "configuration_version": "1"
}